index,tool,2022_users,2022_meantools,2021_users,2021_meantools,2020_users,2020_meantools,2019_users,2019_meantools,2018_users,2018_meantools,2017_users,2017_meantools,total_users,absolutegrowth,percgrowth_responders,percgrowth_toolusage
0,23degrees,0,0.0,1,1.0,0,0.0,0,0.0,0,0.0,0,0.0,1,0,0.0,0.0
1,3d prints,0,0.0,0,0.0,0,0.0,0,0.0,0,0.0,1,13.0,1,-1,-0.0010204081632653062,-0.00021687269572760788
2,a,0,0.0,0,0.0,1,1.617283951,0,0.0,0,0.0,0,0.0,1,0,0.0,0.0
3,ad-hoc,0,0.0,0,0.0,0,0.0,0,0.0,0,0.0,1,3.0,1,-1,-0.0010204081632653062,-0.00021687269572760788
4,adobe,0,0.0,2,2.8,1,2.333333333,0,0.0,0,0.0,0,0.0,3,0,0.0,0.0
5,adobe adobe after effects,0,0.0,2,4.5,0,0.0,0,0.0,0,0.0,0,0.0,2,0,0.0,0.0
6,adobe after effects,3,1.0,3,3.0,1,3.0,1,4.0,0,0.0,1,8.0,9,2,0.0008928571428571427,0.00019921606987572085
7,adobe analytics,1,1.0,1,1.0,0,0.0,0,0.0,0,0.0,0,0.0,2,1,0.0006377551020408163,0.00013869625520110957
8,adobe freeh,0,0.0,0,0.0,1,2.0,0,0.0,0,0.0,0,0.0,1,0,0.0,0.0
9,adobe indesign,1,1.0,0,0.0,0,0.0,0,0.0,0,0.0,0,0.0,1,1,0.0006377551020408163,0.00013869625520110957
10,adobe indesign for merging data,0,0.0,1,10.0,0,0.0,0,0.0,0,0.0,0,0.0,1,0,0.0,0.0
11,adobe photoshop,0,0.0,1,2.0,0,0.0,0,0.0,0,0.0,0,0.0,1,0,0.0,0.0
12,adobe spark,0,0.0,1,1.0,0,0.0,0,0.0,0,0.0,0,0.0,1,0,0.0,0.0
13,adobe xd,2,1.5,4,1.5,3,2.333333333,3,7.333333333,0,0.0,0,0.0,12,2,0.0012755102040816326,0.00027739251040221914
14,aerialod,1,1.0,0,0.0,0,0.0,0,0.0,0,0.0,0,0.0,1,1,0.0006377551020408163,0.00013869625520110957
15,affinity designer,0,0.0,3,1.666666667,2,1.0,2,6.5,0,0.0,1,6.0,8,-1,-0.0010204081632653062,-0.00021687269572760788
16,affinity suite,1,1.0,0,0.0,0,0.0,0,0.0,0,0.0,0,0.0,1,1,0.0006377551020408163,0.00013869625520110957
17,a-frame,0,0.0,0,0.0,1,1.0,0,0.0,0,0.0,0,0.0,1,0,0.0,0.0
18,agency analytics,1,1.0,0,0.0,0,0.0,0,0.0,0,0.0,0,0.0,1,1,0.0006377551020408163,0.00013869625520110957
19,ag-grid-charts,1,2.0,0,0.0,0,0.0,0,0.0,0,0.0,0,0.0,1,1,0.0006377551020408163,0.00013869625520110957
20,airtable,2,3.5,0,0.0,0,0.0,0,0.0,0,0.0,0,0.0,2,2,0.0012755102040816326,0.00027739251040221914
21,also,0,0.0,0,0.0,1,7.0,0,0.0,0,0.0,0,0.0,1,0,0.0,0.0
22,altafx design,0,0.0,1,2.0,0,0.0,0,0.0,0,0.0,0,0.0,1,0,0.0,0.0
23,altair,2,3.333333333,2,2.5,6,1.166666667,3,6.666666667,1,5.0,0,0.0,14,2,0.0012755102040816326,0.00027739251040221914
24,alteryx,2,1.0,5,1.2,4,1.0,5,4.0,0,0.0,1,3.0,17,1,0.00025510204081632634,6.0519814674611254e-05
25,amazon quicksight,1,1.0,2,1.0,1,1.0,0,0.0,0,0.0,0,0.0,4,1,0.0006377551020408163,0.00013869625520110957
26,amcharts,1,1.0,2,1.0,1,2.0,2,4.0,1,5.0,0,0.0,7,1,0.0006377551020408163,0.00013869625520110957
27,amplitude,0,0.0,0,0.0,1,2.0,0,0.0,0,0.0,0,0.0,1,0,0.0,0.0
28,anadot infer looker domo,0,0.0,1,2.0,0,0.0,0,0.0,0,0.0,0,0.0,1,0,0.0,0.0
29,Angular,2,1.5,20,7.6,33,7.303030303,53,7.528301887,41,7.658536585,71,7.563380282,220,-69,-0.0711734693877551,-0.015120568886257943
30,animate cc,0,0.0,0,0.0,0,0.0,1,3.0,0,0.0,0,0.0,1,0,0.0,0.0
31,anychart,2,1.0,0,0.0,0,0.0,0,0.0,0,0.0,1,9.0,3,1,0.00025510204081632634,6.0519814674611254e-05
32,anycharts,0,0.0,0,0.0,0,0.0,0,0.0,1,5.0,0,0.0,1,0,0.0,0.0
33,apache echart,0,0.0,1,2.0,0,0.0,0,0.0,0,0.0,0,0.0,1,0,0.0,0.0
34,apache echarts,0,0.0,1,1.0,0,0.0,0,0.0,0,0.0,0,0.0,1,0,0.0,0.0
35,apache superset,2,1.0,0,0.0,0,0.0,1,5.0,0,0.0,0,0.0,3,2,0.0012755102040816326,0.00027739251040221914
36,aplpy,0,0.0,0,0.0,0,0.0,1,5.0,0,0.0,0,0.0,1,0,0.0,0.0
37,applescript - mysql,0,0.0,0,0.0,0,0.0,0,0.0,0,0.0,1,3.0,1,-1,-0.0010204081632653062,-0.00021687269572760788
38,ar,0,0.0,0,0.0,1,2.2,0,0.0,0,0.0,0,0.0,1,0,0.0,0.0
39,arcadia data,0,0.0,0,0.0,0,0.0,1,6.0,0,0.0,0,0.0,1,0,0.0,0.0
40,ArcGIS,133,7.962406015,147,7.306122449,127,7.0,141,7.127659574,51,7.274509804,71,6.197183099,670,62,0.012372448979591846,0.003048640545087411
41,arcmap,0,0.0,0,0.0,0,0.0,0,0.0,0,0.0,1,5.0,1,-1,-0.0010204081632653062,-0.00021687269572760788
42,arcviz,0,0.0,0,0.0,1,1.0,0,0.0,0,0.0,0,0.0,1,0,0.0,0.0
43,argos,1,1.0,0,0.0,0,0.0,0,0.0,0,0.0,0,0.0,1,1,0.0006377551020408163,0.00013869625520110957
44,as a designer,0,0.0,1,4.0,0,0.0,0,0.0,0,0.0,0,0.0,1,0,0.0,0.0
45,astrato,1,3.0,2,1.0,0,0.0,0,0.0,0,0.0,0,0.0,3,1,0.0006377551020408163,0.00013869625520110957
46,astro tools,1,1.0,0,0.0,0,0.0,0,0.0,0,0.0,0,0.0,1,1,0.0006377551020408163,0.00013869625520110957
47,atlas,0,0.0,1,3.0,0,0.0,0,0.0,0,0.0,0,0.0,1,0,0.0,0.0
48,autodesk maya,0,0.0,0,0.0,1,1.0,0,0.0,0,0.0,0,0.0,1,0,0.0,0.0
49,avenza geographic imager,1,3.0,0,0.0,0,0.0,0,0.0,0,0.0,0,0.0,1,1,0.0006377551020408163,0.00013869625520110957
50,avenza mapublisher,1,3.0,0,0.0,1,1.0,0,0.0,0,0.0,0,0.0,2,1,0.0006377551020408163,0.00013869625520110957
51,aviation company rockwell collins aerospace,0,0.0,1,1.0,0,0.0,0,0.0,0,0.0,0,0.0,1,0,0.0,0.0
52,aws quicksight,1,1.0,0,0.0,0,0.0,0,0.0,0,0.0,0,0.0,1,1,0.0006377551020408163,0.00013869625520110957
53,axure,1,2.0,1,1.0,0,0.0,1,11.0,0,0.0,0,0.0,3,1,0.0006377551020408163,0.00013869625520110957
54,barbwin,0,0.0,1,1.0,0,0.0,0,0.0,0,0.0,0,0.0,1,0,0.0,0.0
55,befunky,0,0.0,1,2.0,0,0.0,0,0.0,0,0.0,0,0.0,1,0,0.0,0.0
56,biases,0,0.0,1,2.0,0,0.0,0,0.0,0,0.0,0,0.0,1,0,0.0,0.0
57,biorender,0,0.0,1,1.0,0,0.0,0,0.0,0,0.0,0,0.0,1,0,0.0,0.0
58,birst,1,1.0,1,1.0,0,0.0,0,0.0,0,0.0,0,0.0,2,1,0.0006377551020408163,0.00013869625520110957
59,blender,2,2.0,1,4.0,2,2.5,1,10.0,0,0.0,1,13.0,7,1,0.00025510204081632634,6.0519814674611254e-05
60,bo,0,0.0,0,0.0,0,0.0,1,7.923766816,0,0.0,0,0.0,1,0,0.0,0.0
61,bodymovin,0,0.0,1,8.0,0,0.0,0,0.0,0,0.0,0,0.0,1,0,0.0,0.0
62,bokeh,1,2.0,1,2.0,5,2.8,4,5.5,0,0.0,1,7.0,12,0,-0.00038265306122448994,-7.817644052649831e-05
63,britecharts,0,0.0,0,0.0,0,0.0,1,8.0,0,0.0,0,0.0,1,0,0.0,0.0
64,business objects,1,2.0,0,0.0,1,1.0,1,2.333333333,0,0.0,0,0.0,3,1,0.0006377551020408163,0.00013869625520110957
65,businessobjects,0,0.0,0,0.0,0,0.0,1,4.0,0,0.0,0,0.0,1,0,0.0,0.0
66,but also their dashboarding feature,1,2.0,0,0.0,0,0.0,0,0.0,0,0.0,0,0.0,1,1,0.0006377551020408163,0.00013869625520110957
67,c,0,0.0,1,1.90990991,0,0.0,0,0.0,0,0.0,1,5.18956044,2,-1,-0.0010204081632653062,-0.00021687269572760788
68,c#,0,0.0,0,0.0,1,1.0,0,0.0,0,0.0,1,10.0,2,-1,-0.0010204081632653062,-0.00021687269572760788
69,c++,0,0.0,1,4.0,1,7.0,0,0.0,0,0.0,0,0.0,2,0,0.0,0.0
70,c3,0,0.0,0,0.0,0,0.0,0,0.0,0,0.0,2,7.0,2,-2,-0.0020408163265306124,-0.00043374539145521576
71,cables,1,2.0,0,0.0,0,0.0,0,0.0,0,0.0,0,0.0,1,1,0.0006377551020408163,0.00013869625520110957
72,cakephp,0,0.0,0,0.0,0,0.0,0,0.0,0,0.0,1,7.0,1,-1,-0.0010204081632653062,-0.00021687269572760788
73,cameo enterprise architecture,1,1.0,0,0.0,0,0.0,0,0.0,0,0.0,0,0.0,1,1,0.0006377551020408163,0.00013869625520110957
74,camtasia,0,0.0,1,2.0,0,0.0,0,0.0,0,0.0,0,0.0,1,0,0.0,0.0
75,canva,11,1.583333333,4,3.5,1,1.0,3,8.278846154,0,0.0,0,0.0,19,11,0.00701530612244898,0.0015256588072122053
76,canva [not ],1,1.0,0,0.0,0,0.0,0,0.0,0,0.0,0,0.0,1,1,0.0006377551020408163,0.00013869625520110957
77,Canvas,112,8.428571429,121,7.619834711,109,7.944954128,101,8.386138614,0,0.0,0,0.0,443,112,0.07142857142857142,0.015533980582524271
78,carto,1,3.0,2,2.5,2,2.5,4,9.5,3,5.333333333,6,8.5,18,-5,-0.00548469387755102,-0.0011625399191645379
79,carto (built on kepler,1,4.0,0,0.0,0,0.0,0,0.0,0,0.0,0,0.0,1,1,0.0006377551020408163,0.00013869625520110957
80,celonis,1,1.0,0,0.0,0,0.0,0,0.0,0,0.0,0,0.0,1,1,0.0006377551020408163,0.00013869625520110957
81,ceros,1,1.0,0,0.0,0,0.0,0,0.0,0,0.0,0,0.0,1,1,0.0006377551020408163,0.00013869625520110957
82,cesium,0,0.0,0,0.0,0,0.0,0,0.0,0,0.0,1,5.0,1,-1,-0.0010204081632653062,-0.00021687269572760788
83,cesium.js,0,0.0,0,0.0,0,0.0,1,5.0,0,0.0,0,0.0,1,0,0.0,0.0
84,cesiumjs,0,0.0,0,0.0,0,0.0,0,0.0,1,6.0,0,0.0,1,0,0.0,0.0
85,chap-links,0,0.0,0,0.0,0,0.0,0,0.0,1,4.0,0,0.0,1,0,0.0,0.0
86,chart,2,1.333333333,2,1.647058824,1,1.625,0,0.0,0,0.0,0,0.0,5,2,0.0012755102040816326,0.00027739251040221914
87,chart tool,0,0.0,0,0.0,0,0.0,0,0.0,0,0.0,1,8.0,1,-1,-0.0010204081632653062,-0.00021687269572760788
88,chart.js,0,0.0,0,0.0,0,0.0,1,4.0,3,5.666666667,1,6.0,5,-1,-0.0010204081632653062,-0.00021687269572760788
89,charticulator,0,0.0,0,0.0,1,1.0,1,6.0,0,0.0,0,0.0,2,0,0.0,0.0
90,chartio,0,0.0,0,0.0,0,0.0,2,3.0,0,0.0,1,5.0,3,-1,-0.0010204081632653062,-0.00021687269572760788
91,cinema 4d,1,3.0,1,3.0,0,0.0,0,0.0,0,0.0,0,0.0,2,1,0.0006377551020408163,0.00013869625520110957
92,clay,0,0.0,0,0.0,1,1.0,0,0.0,0,0.0,0,0.0,1,0,0.0,0.0
93,clickup,1,6.0,0,0.0,0,0.0,0,0.0,0,0.0,0,0.0,1,1,0.0006377551020408163,0.00013869625520110957
94,clojure,0,0.0,0,0.0,1,4.0,0,0.0,0,0.0,1,12.0,2,-1,-0.0010204081632653062,-0.00021687269572760788
95,cloudviz,0,0.0,0,0.0,1,1.0,0,0.0,0,0.0,0,0.0,1,0,0.0,0.0
96,cmap tools,0,0.0,0,0.0,1,1.0,0,0.0,0,0.0,0,0.0,1,0,0.0,0.0
97,coda,1,6.0,0,0.0,0,0.0,0,0.0,0,0.0,0,0.0,1,1,0.0006377551020408163,0.00013869625520110957
98,codap,0,0.0,0,0.0,0,0.0,0,0.0,0,0.0,1,5.0,1,-1,-0.0010204081632653062,-0.00021687269572760788
99,cognos,0,0.0,3,1.5,5,1.625,2,3.666666667,2,7.5,4,4.75,16,-4,-0.004081632653061225,-0.0008674907829104315
100,com data exploration environment,1,2.0,0,0.0,0,0.0,0,0.0,0,0.0,0,0.0,1,1,0.0006377551020408163,0.00013869625520110957
101,communalytic,0,0.0,1,2.0,0,0.0,0,0.0,0,0.0,0,0.0,1,0,0.0,0.0
102,contour from forio,0,0.0,0,0.0,0,0.0,0,0.0,0,0.0,1,4.0,1,-1,-0.0010204081632653062,-0.00021687269572760788
103,corel draw,0,0.0,0,0.0,0,0.0,0,0.0,0,0.0,1,10.0,1,-1,-0.0010204081632653062,-0.00021687269572760788
104,coreldraw,0,0.0,0,0.0,0,0.0,1,7.0,0,0.0,0,0.0,1,0,0.0,0.0
105,count,1,1.0,0,0.0,0,0.0,0,0.0,0,0.0,0,0.0,1,1,0.0006377551020408163,0.00013869625520110957
106,create,0,0.0,1,3.0,0,0.0,0,0.0,0,0.0,0,0.0,1,0,0.0,0.0
107,crm (former einstein analytics),0,0.0,1,1.0,0,0.0,0,0.0,0,0.0,0,0.0,1,0,0.0,0.0
108,crm (salesforce),0,0.0,1,2.0,0,0.0,0,0.0,0,0.0,0,0.0,1,0,0.0,0.0
109,crm analytics (formerly  crm),1,1.0,0,0.0,0,0.0,0,0.0,0,0.0,0,0.0,1,1,0.0006377551020408163,0.00013869625520110957
110,crm analytics (salesforce native tool),1,1.0,0,0.0,0,0.0,0,0.0,0,0.0,0,0.0,1,1,0.0006377551020408163,0.00013869625520110957
111,crossfilter,0,0.0,0,0.0,0,0.0,0,0.0,0,0.0,1,6.0,1,-1,-0.0010204081632653062,-0.00021687269572760788
112,crystal reports,0,0.0,0,0.0,0,0.0,0,0.0,1,4.0,0,0.0,1,0,0.0,0.0
113,css,1,3.0,0,0.0,1,7.0,1,17.0,0,0.0,0,0.0,3,1,0.0006377551020408163,0.00013869625520110957
114,csvkit,0,0.0,0,0.0,0,0.0,0,0.0,0,0.0,1,5.0,1,-1,-0.0010204081632653062,-0.00021687269572760788
115,custom/in-house tools,4,2.25,3,5.333333333,3,2.666666667,2,3.5,5,5.56,7,4.244897959,24,-3,-0.004591836734693877,-0.000963323849288817
116,Cytoscape,1,1.0,0,0.0,17,9.529411765,26,8.52,17,7.294117647,14,6.642857143,75,-13,-0.013647959183673468,-0.002897521484985401
117,D3,266,8.289473684,414,6.698067633,376,6.752659574,463,6.833693305,361,6.016620499,535,5.762616822,2415,-269,-0.3762755102040816,-0.07913368833077508
118,d3plus,0,0.0,1,1.0,0,0.0,0,0.0,2,3.5,0,0.0,3,0,0.0,0.0
119,dapresy,0,0.0,2,1.5,0,0.0,0,0.0,0,0.0,0,0.0,2,0,0.0,0.0
120,dart,1,2.0,0,0.0,1,1.0,0,0.0,0,0.0,0,0.0,2,1,0.0006377551020408163,0.00013869625520110957
121,data illustrator,0,0.0,0,0.0,0,0.0,1,6.0,4,6.0,0,0.0,5,0,0.0,0.0
122,data visualizer,0,0.0,0,0.0,1,1.0,0,0.0,0,0.0,0,0.0,1,0,0.0,0.0
123,databricks,1,1.0,1,1.0,0,0.0,0,0.0,0,0.0,0,0.0,2,1,0.0006377551020408163,0.00013869625520110957
124,datacubes,0,0.0,0,0.0,0,0.0,1,8.0,0,0.0,0,0.0,1,0,0.0,0.0
125,datadog,1,1.0,0,0.0,0,0.0,0,0.0,0,0.0,0,0.0,1,1,0.0006377551020408163,0.00013869625520110957
126,datagraph,1,2.0,0,0.0,0,0.0,0,0.0,0,0.0,0,0.0,1,1,0.0006377551020408163,0.00013869625520110957
127,dataiku,0,0.0,1,2.0,0,0.0,0,0.0,0,0.0,0,0.0,1,0,0.0,0.0
128,datamatic,0,0.0,1,11.0,0,0.0,0,0.0,0,0.0,0,0.0,1,0,0.0,0.0
129,datashader,0,0.0,1,3.0,1,3.0,1,5.0,0,0.0,1,7.0,4,-1,-0.0010204081632653062,-0.00021687269572760788
130,datavisual,0,0.0,1,1.0,0,0.0,0,0.0,0,0.0,0,0.0,1,0,0.0,0.0
131,Datawrapper,140,8.978571429,171,7.538011696,14,1.928571429,6,6.333333333,2,7.0,8,7.5,341,132,0.08112244897959184,0.017682494162334476
132,datazen,0,0.0,0,0.0,0,0.0,0,0.0,0,0.0,1,5.0,1,-1,-0.0010204081632653062,-0.00021687269572760788
133,datorama,1,1.0,1,1.0,0,0.0,0,0.0,0,0.0,0,0.0,2,1,0.0006377551020408163,0.00013869625520110957
134,datylon,1,1.0,1,1.0,1,1.0,0,0.0,0,0.0,0,0.0,3,1,0.0006377551020408163,0.00013869625520110957
135,datylon illustrator plugin,0,0.0,0,0.0,1,1.0,0,0.0,0,0.0,0,0.0,1,0,0.0,0.0
136,dc,0,0.0,0,0.0,1,2.0,0,0.0,0,0.0,0,0.0,1,0,0.0,0.0
137,dc.js,0,0.0,0,0.0,0,0.0,0,0.0,1,9.0,0,0.0,1,0,0.0,0.0
138,de altair,1,2.0,0,0.0,0,0.0,0,0.0,0,0.0,0,0.0,1,1,0.0006377551020408163,0.00013869625520110957
139,deck,3,3.0,2,1.666666667,2,2.0,0,0.0,0,0.0,0,0.0,7,3,0.001913265306122449,0.00041608876560332873
140,deck.gl,0,0.0,0,0.0,0,0.0,2,6.0,2,10.5,1,4.0,5,-1,-0.0010204081632653062,-0.00021687269572760788
141,decksh,0,0.0,1,1.0,0,0.0,1,1.0,0,0.0,0,0.0,2,0,0.0,0.0
142,delta graph,1,1.0,0,0.0,0,0.0,0,0.0,0,0.0,0,0.0,1,1,0.0006377551020408163,0.00013869625520110957
143,denodo,0,0.0,0,0.0,1,3.0,0,0.0,0,0.0,0,0.0,1,0,0.0,0.0
144,design,0,0.0,1,2.333333333,0,0.0,0,0.0,0,0.0,0,0.0,1,0,0.0,0.0
145,dglux,0,0.0,0,0.0,0,0.0,0,0.0,0,0.0,1,5.0,1,-1,-0.0010204081632653062,-0.00021687269572760788
146,dhis2,0,0.0,0,0.0,1,1.0,0,0.0,0,0.0,0,0.0,1,0,0.0,0.0
147,dhtmlx,0,0.0,0,0.0,0,0.0,0,0.0,1,7.0,0,0.0,1,0,0.0,0.0
148,diadem (national instruments),0,0.0,1,1.0,0,0.0,0,0.0,0,0.0,0,0.0,1,0,0.0,0.0
149,diagrams,0,0.0,1,2.0,0,0.0,0,0.0,0,0.0,0,0.0,1,0,0.0,0.0
150,directx,0,0.0,0,0.0,0,0.0,0,0.0,1,13.0,0,0.0,1,0,0.0,0.0
151,domo,3,1.0,5,1.5,4,1.25,3,4.666666667,1,5.0,0,0.0,16,3,0.001913265306122449,0.00041608876560332873
152,dotmatics),0,0.0,1,2.0,0,0.0,0,0.0,0,0.0,0,0.0,1,0,0.0,0.0
153,dplyr,0,0.0,0,0.0,1,1.0,0,0.0,0,0.0,0,0.0,1,0,0.0,0.0
154,drawbot,1,1.0,0,0.0,0,0.0,0,0.0,0,0.0,0,0.0,1,1,0.0006377551020408163,0.00013869625520110957
155,drawgraph,1,2.0,0,0.0,1,1.0,0,0.0,0,0.0,0,0.0,2,1,0.0006377551020408163,0.00013869625520110957
156,drawing,0,0.0,0,0.0,0,0.0,0,0.0,0,0.0,2,2.5,2,-2,-0.0020408163265306124,-0.00043374539145521576
157,dundas bi,0,0.0,0,0.0,1,1.0,0,0.0,0,0.0,0,0.0,1,0,0.0,0.0
158,dundus,0,0.0,1,2.0,0,0.0,0,0.0,0,0.0,0,0.0,1,0,0.0,0.0
159,echarts,3,1.5,0,0.0,2,1.5,0,0.0,1,10.0,0,0.0,6,3,0.001913265306122449,0.00041608876560332873
160,ed off to a  developer,0,0.0,0,0.0,1,4.0,0,0.0,0,0.0,0,0.0,1,0,0.0,0.0
161,einstein analytics from salesforce,0,0.0,0,0.0,1,1.0,0,0.0,0,0.0,0,0.0,1,0,0.0,0.0
162,elastic search charts,0,0.0,1,4.0,0,0.0,0,0.0,0,0.0,0,0.0,1,0,0.0,0.0
163,elk,1,1.0,0,0.0,0,0.0,0,0.0,0,0.0,0,0.0,1,1,0.0006377551020408163,0.00013869625520110957
164,elm,0,0.0,0,0.0,0,0.0,0,0.0,1,10.0,1,2.0,2,-1,-0.0010204081632653062,-0.00021687269572760788
165,elm-visualization,0,0.0,0,0.0,0,0.0,1,11.0,0,0.0,0,0.0,1,0,0.0,0.0
166,ember,0,0.0,0,0.0,0,0.0,0,0.0,1,3.0,0,0.0,1,0,0.0,0.0
167,ember.js,0,0.0,0,0.0,0,0.0,1,2.0,0,0.0,0,0.0,1,0,0.0,0.0
168,epic ehr,0,0.0,0,0.0,0,0.0,1,6.0,0,0.0,0,0.0,1,0,0.0,0.0
169,espatial,1,3.0,0,0.0,0,0.0,0,0.0,0,0.0,0,0.0,1,1,0.0006377551020408163,0.00013869625520110957
170,estimationstats,0,0.0,0,0.0,1,5.0,0,0.0,0,0.0,0,0.0,1,0,0.0,0.0
171,everviz,3,1.0,0,0.0,0,0.0,0,0.0,0,0.0,0,0.0,3,3,0.001913265306122449,0.00041608876560332873
172,ex libris' alma data visualization,1,1.0,0,0.0,0,0.0,0,0.0,0,0.0,0,0.0,1,1,0.0006377551020408163,0.00013869625520110957
173,excalidraw,0,0.0,2,1.0,0,0.0,0,0.0,0,0.0,0,0.0,2,0,0.0,0.0
174,Excel,843,5.871886121,1079,5.15291937,791,5.073324905,753,5.335989376,313,5.342948718,575,5.193379791,4354,268,-0.049107142857142905,-0.007780856908839173
175,expert tools (schrodinger,0,0.0,1,2.0,0,0.0,0,0.0,0,0.0,0,0.0,1,0,0.0,0.0
176,exploratory,0,0.0,1,2.0,0,0.0,0,0.0,1,9.0,0,0.0,2,0,0.0,0.0
177,extjs,0,0.0,0,0.0,0,0.0,0,0.0,0,0.0,1,4.0,1,-1,-0.0010204081632653062,-0.00021687269572760788
178,facebook analytics,0,0.0,0,0.0,0,0.0,1,13.0,0,0.0,0,0.0,1,0,0.0,0.0
179,fathom,0,0.0,0,0.0,0,0.0,0,0.0,0,0.0,1,5.0,1,-1,-0.0010204081632653062,-0.00021687269572760788
180,Figma,251,7.852589641,44,2.021694215,12,1.916666667,3,7.0,1,6.0,0,0.0,311,251,0.1600765306122449,0.0348127600554785
181,filemaker,0,0.0,0,0.0,0,0.0,0,0.0,0,0.0,1,2.0,1,-1,-0.0010204081632653062,-0.00021687269572760788
182,flexdashboard,0,0.0,0,0.0,0,0.0,1,5.0,0,0.0,0,0.0,1,0,0.0,0.0
183,Flourish,134,9.074626866,198,7.085858586,28,1.892857143,11,7.181818182,4,5.5,0,0.0,375,134,0.08545918367346939,0.018585298196948683
184,flow,0,0.0,1,1.0,0,0.0,0,0.0,0,0.0,0,0.0,1,0,0.0,0.0
185,flutter,1,2.0,0,0.0,0,0.0,0,0.0,0,0.0,0,0.0,1,1,0.0006377551020408163,0.00013869625520110957
186,folium,1,1.0,0,0.0,0,0.0,0,0.0,0,0.0,0,0.0,1,1,0.0006377551020408163,0.00013869625520110957
187,"for the engineers to ""actually"" make with one of the tools above",0,0.0,1,4.0,0,0.0,0,0.0,0,0.0,0,0.0,1,0,0.0,0.0
188,fortran,0,0.0,0,0.0,0,0.0,0,0.0,0,0.0,1,7.0,1,-1,-0.0010204081632653062,-0.00021687269572760788
189,framer,0,0.0,0,0.0,0,0.0,0,0.0,0,0.0,1,7.0,1,-1,-0.0010204081632653062,-0.00021687269572760788
190,framers,0,0.0,0,0.0,0,0.0,1,9.0,0,0.0,0,0.0,1,0,0.0,0.0
191,freeh,0,0.0,0,0.0,1,2.333333333,0,0.0,0,0.0,0,0.0,1,0,0.0,0.0
192,freehand,0,0.0,0,0.0,0,0.0,0,0.0,0,0.0,1,2.0,1,-1,-0.0010204081632653062,-0.00021687269572760788
193,fusion analytics warehouse,1,1.0,0,0.0,0,0.0,0,0.0,0,0.0,0,0.0,1,1,0.0006377551020408163,0.00013869625520110957
194,fusioncharts,1,2.0,0,0.0,0,0.0,0,0.0,1,6.0,0,0.0,2,1,0.0006377551020408163,0.00013869625520110957
195,g,1,1.541666667,0,0.0,0,0.0,0,0.0,0,0.0,0,0.0,1,1,0.0006377551020408163,0.00013869625520110957
196,g2,1,3.0,0,0.0,0,0.0,0,0.0,1,3.0,0,0.0,2,1,0.0006377551020408163,0.00013869625520110957
197,ga tools,0,0.0,0,0.0,1,2.0,0,0.0,0,0.0,0,0.0,1,0,0.0,0.0
198,gamesparks,0,0.0,0,0.0,0,0.0,1,13.0,0,0.0,0,0.0,1,0,0.0,0.0
199,gcp,0,0.0,1,1.0,0,0.0,0,0.0,0,0.0,0,0.0,1,0,0.0,0.0
200,gensim,0,0.0,0,0.0,0,0.0,0,0.0,0,0.0,1,5.0,1,-1,-0.0010204081632653062,-0.00021687269572760788
201,geoda,1,2.0,0,0.0,0,0.0,1,18.0,0,0.0,0,0.0,2,1,0.0006377551020408163,0.00013869625520110957
202,geoteric etc,0,0.0,1,2.0,0,0.0,0,0.0,0,0.0,0,0.0,1,0,0.0,0.0
203,geoviews,0,0.0,0,0.0,0,0.0,1,7.0,0,0.0,0,0.0,1,0,0.0,0.0
204,Gephi,64,9.484375,71,7.352112676,64,7.453125,78,8.166666667,61,7.524590164,53,6.943396226,391,11,-0.013265306122448986,-0.002617692540692206
205,ggobi,0,0.0,0,0.0,0,0.0,0,0.0,0,0.0,1,5.0,1,-1,-0.0010204081632653062,-0.00021687269572760788
206,ggplot/ggplot2,325,7.363076923,436,6.39793578,351,6.424501425,445,6.292134831,189,6.264550265,350,5.48,2096,-25,-0.14987244897959184,-0.030829160564302148
207,ggvis,0,0.0,0,0.0,0,0.0,1,6.0,0,0.0,0,0.0,1,0,0.0,0.0
208,gimp,0,0.0,2,2.5,1,1.0,0,0.0,0,0.0,2,6.0,5,-2,-0.0020408163265306124,-0.00043374539145521576
209,gl,5,2.4,2,2.833333333,2,1.9,0,0.0,0,0.0,0,0.0,9,5,0.0031887755102040817,0.0006934812760055479
210,gnuplot,0,0.0,0,0.0,0,0.0,1,5.0,0,0.0,0,0.0,1,0,0.0,0.0
211,go.js,0,0.0,0,0.0,0,0.0,0,0.0,1,4.0,0,0.0,1,0,0.0,0.0
212,gooddata,0,0.0,0,0.0,0,0.0,1,6.0,0,0.0,0,0.0,1,0,0.0,0.0
213,google,0,0.0,0,0.0,0,0.0,0,0.0,0,0.0,1,6.0,1,-1,-0.0010204081632653062,-0.00021687269572760788
214,google charts,0,0.0,0,0.0,1,2.0,1,10.0,0,0.0,0,0.0,2,0,0.0,0.0
215,Google Data Studio,134,7.559701493,176,6.613636364,15,1.727272727,12,6.1,2,8.5,0,0.0,339,134,0.08545918367346939,0.018585298196948683
216,google docs,0,0.0,0,0.0,0,0.0,0,0.0,0,0.0,2,6.5,2,-2,-0.0020408163265306124,-0.00043374539145521576
217,google earth engine,0,0.0,0,0.0,0,0.0,1,7.0,0,0.0,0,0.0,1,0,0.0,0.0
218,google map,0,0.0,0,0.0,0,0.0,1,7.0,0,0.0,0,0.0,1,0,0.0,0.0
219,google maps,0,0.0,0,0.0,1,2.0,0,0.0,1,16.0,1,6.0,3,-1,-0.0010204081632653062,-0.00021687269572760788
220,Google Sheets,370,7.424324324,22,1.716942149,14,2.591836735,8,6.25,2,9.0,3,3.0,419,367,0.2329081632653061,0.05066699633722772
221,google slides,1,1.0,2,3.5,0,0.0,0,0.0,0,0.0,0,0.0,3,1,0.0006377551020408163,0.00013869625520110957
222,google workspace,0,0.0,1,2.0,0,0.0,0,0.0,0,0.0,0,0.0,1,0,0.0,0.0
223,grafana,1,1.0,0,0.0,0,0.0,0,0.0,0,0.0,0,0.0,1,1,0.0006377551020408163,0.00013869625520110957
224,grapher,0,0.0,0,0.0,0,0.0,0,0.0,0,0.0,1,3.0,1,-1,-0.0010204081632653062,-0.00021687269572760788
225,graphery,1,1.0,0,0.0,0,0.0,0,0.0,0,0.0,0,0.0,1,1,0.0006377551020408163,0.00013869625520110957
226,graphpad,0,0.0,1,2.0,0,0.0,0,0.0,0,0.0,0,0.0,1,0,0.0,0.0
227,graphviz,0,0.0,1,2.0,0,0.0,0,0.0,0,0.0,0,0.0,1,0,0.0,0.0
228,grass,0,0.0,0,0.0,0,0.0,0,0.0,0,0.0,1,5.0,1,-1,-0.0010204081632653062,-0.00021687269572760788
229,GreenSock,0,0.0,0,0.0,17,9.882352941,14,10.14285714,0,0.0,0,0.0,31,0,0.0,0.0
230,grid,0,0.0,1,1.0,0,0.0,1,5.0,0,0.0,0,0.0,2,0,0.0,0.0
231,h,0,0.0,0,0.0,1,1.886597938,0,0.0,0,0.0,0,0.0,1,0,0.0,0.0
232,hand drawn with adobe director,0,0.0,0,0.0,0,0.0,1,1.0,0,0.0,0,0.0,1,0,0.0,0.0
233,haskell,0,0.0,0,0.0,0,0.0,0,0.0,1,13.0,0,0.0,1,0,0.0,0.0
234,hex,2,1.0,0,0.0,0,0.0,0,0.0,0,0.0,0,0.0,2,2,0.0012755102040816326,0.00027739251040221914
235,Highcharts,51,8.294117647,58,7.034482759,59,7.661016949,95,8.305263158,64,7.234375,104,6.692307692,431,-53,-0.0735969387755102,-0.015481251340414634
236,holoview,0,0.0,0,0.0,0,0.0,1,6.25,0,0.0,0,0.0,1,0,0.0,0.0
237,holoviews,0,0.0,0,0.0,1,3.0,3,6.0,0,0.0,0,0.0,4,0,0.0,0.0
238,holoviz,0,0.0,1,3.0,0,0.0,0,0.0,0,0.0,0,0.0,1,0,0.0,0.0
239,houdini,1,2.0,0,0.0,0,0.0,0,0.0,0,0.0,0,0.0,1,1,0.0006377551020408163,0.00013869625520110957
240,html,1,3.0,0,0.0,1,7.0,1,17.0,0,0.0,0,0.0,3,1,0.0006377551020408163,0.00013869625520110957
241,html!,0,0.0,1,2.0,0,0.0,0,0.0,0,0.0,0,0.0,1,0,0.0,0.0
242,hvplot,0,0.0,1,3.0,0,0.0,1,7.0,0,0.0,0,0.0,2,0,0.0,0.0
243,i am often directing my team on these tools,0,0.0,1,3.0,0,0.0,0,0.0,0,0.0,0,0.0,1,0,0.0,0.0
244,i don't often use them all myself but have enough knowledge to help developers who are less experienced in data viz requirements,0,0.0,1,3.0,0,0.0,0,0.0,0,0.0,0,0.0,1,0,0.0,0.0
245,ibm cognos,1,1.5,1,3.0,2,1.666666667,1,2.0,0,0.0,0,0.0,5,1,0.0006377551020408163,0.00013869625520110957
246,ibm cognos - list reports,1,2.0,0,0.0,0,0.0,0,0.0,0,0.0,0,0.0,1,1,0.0006377551020408163,0.00013869625520110957
247,ibm cognos 11,0,0.0,0,0.0,1,3.0,0,0.0,0,0.0,0,0.0,1,0,0.0,0.0
248,idashboards,0,0.0,0,0.0,0,0.0,0,0.0,0,0.0,1,3.0,1,-1,-0.0010204081632653062,-0.00021687269572760788
249,if you are listing web dev frameworks,0,0.0,0,0.0,1,3.0,0,0.0,0,0.0,0,0.0,1,0,0.0,0.0
250,igor pro from wavemetrics,0,0.0,0,0.0,0,0.0,1,5.0,0,0.0,0,0.0,1,0,0.0,0.0
251,Illustrator,334,7.838323353,426,6.598591549,359,6.259052925,347,6.501440922,176,6.477272727,236,5.983050847,1878,98,-0.027806122448979592,-0.004857406954544868
252,imagej/fiji,0,0.0,0,0.0,0,0.0,1,6.0,0,0.0,0,0.0,1,0,0.0,0.0
253,incorta,1,1.0,1,1.0,0,0.0,0,0.0,0,0.0,0,0.0,2,1,0.0006377551020408163,0.00013869625520110957
254,indesign,6,1.428571429,5,2.666666667,0,0.0,4,4.0,0,0.0,1,4.0,16,5,0.0028061224489795917,0.0006153048354790496
255,Infogram,5,1.2,11,2.0,6,1.5,5,7.6,2,3.5,1,6.0,30,4,0.0021683673469387755,0.00047660858027793996
256,infographic online tools,0,0.0,0,0.0,1,1.0,0,0.0,0,0.0,0,0.0,1,0,0.0,0.0
257,in-house tools,5,2.25,4,5.333333333,4,2.666666667,0,0.0,0,0.0,0,0.0,13,5,0.0031887755102040817,0.0006934812760055479
258,in-house tools css,0,0.0,1,10.0,0,0.0,0,0.0,0,0.0,0,0.0,1,0,0.0,0.0
259,Inkscape,10,1.5,4,1.75,5,1.2,4,5.25,0,0.0,7,8.714285714,30,3,-0.0007653061224489792,-0.00013114631808215952
260,insight (c) kofax,0,0.0,0,0.0,0,0.0,0,0.0,1,3.0,0,0.0,1,0,0.0,0.0
261,in-spire,0,0.0,0,0.0,0,0.0,0,0.0,1,6.0,0,0.0,1,0,0.0,0.0
262,invision,0,0.0,1,11.0,0,0.0,0,0.0,0,0.0,0,0.0,1,0,0.0,0.0
263,invision freeh,0,0.0,0,0.0,1,3.0,0,0.0,0,0.0,0,0.0,1,0,0.0,0.0
264,inviwo,0,0.0,0,0.0,1,3.0,0,0.0,0,0.0,0,0.0,1,0,0.0,0.0
265,inzight,0,0.0,0,0.0,0,0.0,0,0.0,1,5.0,0,0.0,1,0,0.0,0.0
266,io,1,2.333333333,0,0.0,0,0.0,0,0.0,0,0.0,0,0.0,1,1,0.0006377551020408163,0.00013869625520110957
267,ipad,0,0.0,0,0.0,0,0.0,1,6.0,0,0.0,0,0.0,1,0,0.0,0.0
268,ipad keynote,0,0.0,0,0.0,1,1.0,0,0.0,0,0.0,0,0.0,1,0,0.0,0.0
269,it is highly variable,0,0.0,0,0.0,0,0.0,1,8.0,0,0.0,0,0.0,1,0,0.0,0.0
270,itk,0,0.0,1,4.0,1,7.0,0,0.0,0,0.0,0,0.0,2,0,0.0,0.0
271,jamovi,2,1.5,0,0.0,1,5.0,0,0.0,0,0.0,0,0.0,3,2,0.0012755102040816326,0.00027739251040221914
272,jaspersoft studio for one of our systems specifically,0,0.0,0,0.0,1,1.0,0,0.0,0,0.0,0,0.0,1,0,0.0,0.0
273,Java/JavaScript,6,2.722222222,40,6.8375,38,6.14254386,37,8.70212766,23,6.357142857,43,6.534090909,187,-37,-0.04005102040816327,-0.008493348385080483
274,jmp,2,2.0,2,1.5,1,1.0,0,0.0,2,8.0,1,2.0,8,1,0.00025510204081632634,6.0519814674611254e-05
275,jquery,0,0.0,1,1.0,1,1.0,0,0.0,0,0.0,0,0.0,2,0,0.0,0.0
276,juicebox,1,1.0,1,1.0,0,0.0,0,0.0,0,0.0,0,0.0,2,1,0.0006377551020408163,0.00013869625520110957
277,julia,0,0.0,0,0.0,0,0.0,1,2.0,0,0.0,2,4.5,3,-2,-0.0020408163265306124,-0.00043374539145521576
278,jupyter,0,0.0,1,1.0,1,1.0,1,15.0,0,0.0,0,0.0,3,0,0.0,0.0
279,kepler.gl,0,0.0,24,9.333333333,30,9.9,40,9.475,0,0.0,0,0.0,94,0,0.0,0.0
280,keylines,0,0.0,1,3.0,0,0.0,0,0.0,0,0.0,0,0.0,1,0,0.0,0.0
281,keylines api,0,0.0,0,0.0,0,0.0,1,6.0,0,0.0,0,0.0,1,0,0.0,0.0
282,keynote,3,2.333333333,3,1.0,1,1.0,2,5.0,0,0.0,0,0.0,9,3,0.001913265306122449,0.00041608876560332873
283,kibana,2,1.0,0,0.0,0,0.0,1,7.0,0,0.0,1,8.0,4,1,0.00025510204081632634,6.0519814674611254e-05
284,kibana (es),0,0.0,0,0.0,1,1.0,0,0.0,0,0.0,0,0.0,1,0,0.0,0.0
285,klipfolio,0,0.0,0,0.0,0,0.0,0,0.0,2,5.5,0,0.0,2,0,0.0,0.0
286,knime,1,1.0,5,1.2,0,0.0,0,0.0,0,0.0,1,5.0,7,0,-0.00038265306122448994,-7.817644052649831e-05
287,knowage,0,0.0,1,1.0,1,1.0,2,5.0,0,0.0,0,0.0,4,0,0.0,0.0
288,kronograph,0,0.0,1,3.0,0,0.0,0,0.0,0,0.0,0,0.0,1,0,0.0,0.0
289,kumu,1,1.0,0,0.0,0,0.0,0,0.0,0,0.0,0,0.0,1,1,0.0006377551020408163,0.00013869625520110957
290,lasercutter,0,0.0,0,0.0,0,0.0,0,0.0,0,0.0,1,13.0,1,-1,-0.0010204081632653062,-0.00021687269572760788
291,lattice,0,0.0,0,0.0,0,0.0,1,9.0,0,0.0,0,0.0,1,0,0.0,0.0
292,layercake,0,0.0,1,2.0,0,0.0,0,0.0,0,0.0,0,0.0,1,0,0.0,0.0
293,Leaflet,86,9.127906977,134,8.447761194,120,8.308333333,164,8.390243902,124,7.911290323,182,7.236263736,810,-96,-0.13086734693877553,-0.027542952675129215
294,libre office,0,0.0,0,0.0,0,0.0,1,4.0,0,0.0,0,0.0,1,0,0.0,0.0
295,librecalc,1,1.0,0,0.0,0,0.0,0,0.0,0,0.0,0,0.0,1,1,0.0006377551020408163,0.00013869625520110957
296,libreoffice,0,0.0,0,0.0,0,0.0,0,0.0,0,0.0,1,11.0,1,-1,-0.0010204081632653062,-0.00021687269572760788
297,libreoffice calc,0,0.0,0,0.0,0,0.0,0,0.0,1,9.0,0,0.0,1,0,0.0,0.0
298,libsvgwrite,0,0.0,0,0.0,0,0.0,1,4.0,0,0.0,0,0.0,1,0,0.0,0.0
299,lightfoot,0,0.0,1,1.0,0,0.0,0,0.0,0,0.0,0,0.0,1,0,0.0,0.0
300,localfocus,0,0.0,0,0.0,0,0.0,0,0.0,1,16.0,0,0.0,1,0,0.0,0.0
301,logi analytics,0,0.0,1,1.0,0,0.0,0,0.0,0,0.0,0,0.0,1,0,0.0,0.0
302,logianalytics,0,0.0,0,0.0,0,0.0,0,0.0,0,0.0,1,1.0,1,-1,-0.0010204081632653062,-0.00021687269572760788
303,Looked,34,5.794117647,26,1.259259259,7,1.714285714,3,6.333333333,0,0.0,2,3.0,72,32,0.019642857142857142,0.00428192728538251
304,lottie,0,0.0,1,8.0,0,0.0,0,0.0,0,0.0,0,0.0,1,0,0.0,0.0
305,lucid charts,0,0.0,1,1.0,0,0.0,0,0.0,0,0.0,0,0.0,1,0,0.0,0.0
306,lucidchart,2,1.0,5,1.8,0,0.0,1,3.0,0,0.0,0,0.0,8,2,0.0012755102040816326,0.00027739251040221914
307,lucidpress,0,0.0,0,0.0,0,0.0,1,3.0,0,0.0,0,0.0,1,0,0.0,0.0
308,magento bi,0,0.0,0,0.0,0,0.0,0,0.0,1,6.0,0,0.0,1,0,0.0,0.0
309,mainly,0,0.0,0,0.0,1,7.0,0,0.0,0,0.0,0,0.0,1,0,0.0,0.0
310,map shaper,0,0.0,1,8.0,0,0.0,0,0.0,0,0.0,0,0.0,1,0,0.0,0.0
311,Mapbox,120,9.891666667,167,8.377245509,164,7.896341463,208,8.149038462,130,7.538461538,142,7.190140845,931,-22,-0.0683673469387755,-0.014152372169187175
312,mapchart,0,0.0,1,1.0,0,0.0,0,0.0,0,0.0,0,0.0,1,0,0.0,0.0
313,mapcreator,0,0.0,0,0.0,1,1.0,0,0.0,0,0.0,0,0.0,1,0,0.0,0.0
314,mapline,0,0.0,1,1.0,0,0.0,0,0.0,0,0.0,0,0.0,1,0,0.0,0.0
315,maps4news,0,0.0,1,8.0,0,0.0,0,0.0,0,0.0,1,6.0,2,-1,-0.0010204081632653062,-0.00021687269572760788
316,mapshaper,0,0.0,1,3.0,0,0.0,0,0.0,0,0.0,1,9.0,2,-1,-0.0010204081632653062,-0.00021687269572760788
317,mapublisher,0,0.0,1,1.0,0,0.0,0,0.0,0,0.0,0,0.0,1,0,0.0,0.0
318,markers,1,2.0,0,0.0,0,0.0,0,0.0,0,0.0,0,0.0,1,1,0.0006377551020408163,0.00013869625520110957
319,marquee charts,0,0.0,0,0.0,0,0.0,0,0.0,0,0.0,1,4.0,1,-1,-0.0010204081632653062,-0.00021687269572760788
320,mathematica,0,0.0,1,2.0,0,0.0,2,4.0,0,0.0,1,4.0,4,-1,-0.0010204081632653062,-0.00021687269572760788
321,matlab,1,1.0,4,1.0,3,1.0,6,4.5,1,8.0,5,5.2,20,-4,-0.004464285714285714,-0.0009456672234369298
322,matlab (how is this not included in the list?),1,1.0,0,0.0,0,0.0,0,0.0,0,0.0,0,0.0,1,1,0.0006377551020408163,0.00013869625520110957
323,Matplotlib,5,3.2,5,2.0,187,6.989304813,154,6.141845168,3,5.0,6,5.5,360,-1,-0.0029336734693877547,-0.0006077548983600996
324,matter,1,3.0,0,0.0,0,0.0,0,0.0,0,0.0,0,0.0,1,1,0.0006377551020408163,0.00013869625520110957
325,maxqda,0,0.0,1,3.0,0,0.0,0,0.0,0,0.0,0,0.0,1,0,0.0,0.0
326,maya,0,0.0,0,0.0,0,0.0,0,0.0,0,0.0,1,12.0,1,-1,-0.0010204081632653062,-0.00021687269572760788
327,mayavi,0,0.0,0,0.0,0,0.0,1,3.0,0,0.0,0,0.0,1,0,0.0,0.0
328,metabase,1,1.0,5,1.6,1,1.0,2,4.5,1,3.0,0,0.0,10,1,0.0006377551020408163,0.00013869625520110957
329,microsoft reporting services,0,0.0,0,0.0,1,1.0,0,0.0,0,0.0,0,0.0,1,0,0.0,0.0
330,microsoft ssrs,0,0.0,1,1.0,0,0.0,0,0.0,0,0.0,0,0.0,1,0,0.0,0.0
331,microsoft word,1,3.0,1,1.0,0,0.0,0,0.0,0,0.0,0,0.0,2,1,0.0006377551020408163,0.00013869625520110957
332,MicroStrategy,5,1.0,4,1.0,19,6.368421053,18,6.666666667,8,9.375,27,6.481481481,81,-22,-0.024362244897959184,-0.005162081508639865
333,minitab,1,1.0,2,1.5,0,0.0,0,0.0,0,0.0,1,4.0,4,0,-0.00038265306122448994,-7.817644052649831e-05
334,miro,4,2.5,4,2.25,0,0.0,0,0.0,0,0.0,0,0.0,8,4,0.002551020408163265,0.0005547850208044383
335,mixpanel,1,1.0,0,0.0,0,0.0,0,0.0,0,0.0,0,0.0,1,1,0.0006377551020408163,0.00013869625520110957
336,mode,1,1.5,0,0.0,0,0.0,0,0.0,0,0.0,1,3.0,2,0,-0.00038265306122448994,-7.817644052649831e-05
337,mode analytics,1,1.0,1,4.0,0,0.0,0,0.0,2,5.5,0,0.0,4,1,0.0006377551020408163,0.00013869625520110957
338,more,0,0.0,1,2.0,0,0.0,0,0.0,0,0.0,0,0.0,1,0,0.0,0.0
339,ms office,0,0.0,0,0.0,0,0.0,1,3.0,0,0.0,0,0.0,1,0,0.0,0.0
340,ms paint,0,0.0,1,1.0,0,0.0,0,0.0,0,0.0,0,0.0,1,0,0.0,0.0
341,muzli search,0,0.0,1,11.0,0,0.0,0,0.0,0,0.0,0,0.0,1,0,0.0,0.0
342,mysql,0,0.0,0,0.0,0,0.0,1,9.0,0,0.0,0,0.0,1,0,0.0,0.0
343,n,0,0.0,0,0.0,1,1.615384615,0,0.0,0,0.0,0,0.0,1,0,0.0,0.0
344,nannou,0,0.0,0,0.0,1,2.0,0,0.0,0,0.0,0,0.0,1,0,0.0,0.0
345,net,0,0.0,1,2.333333333,0,0.0,0,0.0,0,0.0,0,0.0,1,0,0.0,0.0
346,netdraw,1,1.0,0,0.0,0,0.0,0,0.0,0,0.0,0,0.0,1,1,0.0006377551020408163,0.00013869625520110957
347,netlytic,0,0.0,1,2.0,0,0.0,0,0.0,0,0.0,0,0.0,1,0,0.0,0.0
348,netscity,0,0.0,0,0.0,1,1.0,0,0.0,0,0.0,0,0.0,1,0,0.0,0.0
349,networkx,0,0.0,0,0.0,0,0.0,0,0.0,0,0.0,1,7.0,1,-1,-0.0010204081632653062,-0.00021687269572760788
350,nextjs,0,0.0,1,1.0,0,0.0,0,0.0,0,0.0,0,0.0,1,0,0.0,0.0
351,nglview,0,0.0,0,0.0,0,0.0,1,5.0,0,0.0,0,0.0,1,0,0.0,0.0
352,niagara,0,0.0,0,0.0,0,0.0,0,0.0,0,0.0,1,5.0,1,-1,-0.0010204081632653062,-0.00021687269572760788
353,nivo,0,0.0,0,0.0,0,0.0,1,5.0,0,0.0,0,0.0,1,0,0.0,0.0
354,node,0,0.0,0,0.0,0,0.0,0,0.0,1,4.0,0,0.0,1,0,0.0,0.0
355,node boox,0,0.0,0,0.0,1,5.0,0,0.0,0,0.0,0,0.0,1,0,0.0,0.0
356,nodebox,0,0.0,1,1.0,2,1.0,2,9.5,0,0.0,1,4.0,6,-1,-0.0010204081632653062,-0.00021687269572760788
357,nodebox 3,0,0.0,0,0.0,1,1.0,0,0.0,0,0.0,0,0.0,1,0,0.0,0.0
358,nodexl,0,0.0,0,0.0,1,1.0,0,0.0,0,0.0,0,0.0,1,0,0.0,0.0
359,non-traditional,0,0.0,0,0.0,1,3.0,0,0.0,0,0.0,0,0.0,1,0,0.0,0.0
360,notebooks,1,1.0,0,0.0,0,0.0,0,0.0,0,0.0,0,0.0,1,1,0.0006377551020408163,0.00013869625520110957
361,notion,1,6.0,0,0.0,0,0.0,0,0.0,0,0.0,0,0.0,1,1,0.0006377551020408163,0.00013869625520110957
362,numbers,0,0.0,0,0.0,0,0.0,1,10.0,1,5.0,0,0.0,2,0,0.0,0.0
363,o framework,0,0.0,1,3.0,0,0.0,0,0.0,0,0.0,0,0.0,1,0,0.0,0.0
364,obiee,2,1.0,0,0.0,0,0.0,0,0.0,0,0.0,0,0.0,2,2,0.0012755102040816326,0.00027739251040221914
365,Observable,98,10.2755102,158,7.651898734,2,3.5,1,15.0,0,0.0,0,0.0,259,98,0.0625,0.013592233009708738
366,ods statitical graphs,1,2.0,0,0.0,0,0.0,0,0.0,0,0.0,0,0.0,1,1,0.0006377551020408163,0.00013869625520110957
367,ogma.js,0,0.0,0,0.0,0,0.0,0,0.0,0,0.0,1,4.0,1,-1,-0.0010204081632653062,-0.00021687269572760788
368,omnigraffle,1,1.0,1,1.0,0,0.0,2,9.0,0,0.0,0,0.0,4,1,0.0006377551020408163,0.00013869625520110957
369,omniscope,0,0.0,0,0.0,0,0.0,0,0.0,1,4.0,0,0.0,1,0,0.0,0.0
370,online tools,0,0.0,0,0.0,1,1.0,0,0.0,0,0.0,0,0.0,1,0,0.0,0.0
371,openframeworks,0,0.0,0,0.0,1,2.0,0,0.0,0,0.0,0,0.0,1,0,0.0,0.0
372,opengl,0,0.0,1,4.0,1,7.0,0,0.0,1,13.0,0,0.0,3,0,0.0,0.0
373,openlayers,0,0.0,1,2.0,0,0.0,1,8.0,0,0.0,1,4.0,3,-1,-0.0010204081632653062,-0.00021687269572760788
374,open-source image editing software,1,1.0,0,0.0,0,0.0,0,0.0,0,0.0,0,0.0,1,1,0.0006377551020408163,0.00013869625520110957
375,ora netscenes,0,0.0,0,0.0,0,0.0,0,0.0,0,0.0,1,6.0,1,-1,-0.0010204081632653062,-0.00021687269572760788
376,oracle - obiee,0,0.0,0,0.0,1,1.0,0,0.0,0,0.0,0,0.0,1,0,0.0,0.0
377,oracle analytics cloud,0,0.0,1,1.0,0,0.0,0,0.0,0,0.0,0,0.0,1,0,0.0,0.0
378,oracle analytics cloud obiee,0,0.0,0,0.0,1,1.0,0,0.0,0,0.0,0,0.0,1,0,0.0,0.0
379,oracle analytics server,1,1.0,0,0.0,0,0.0,0,0.0,0,0.0,0,0.0,1,1,0.0006377551020408163,0.00013869625520110957
380,oracle business intelligence enterprise edition,0,0.0,0,0.0,2,1.0,0,0.0,0,0.0,0,0.0,2,0,0.0,0.0
381,oracle data visualizer,1,1.0,0,0.0,0,0.0,0,0.0,0,0.0,0,0.0,1,1,0.0006377551020408163,0.00013869625520110957
382,oracle dv,0,0.0,1,1.0,0,0.0,0,0.0,0,0.0,0,0.0,1,0,0.0,0.0
383,oracle dvd,0,0.0,0,0.0,0,0.0,0,0.0,0,0.0,1,3.0,1,-1,-0.0010204081632653062,-0.00021687269572760788
384,orange,0,0.0,1,2.0,0,0.0,0,0.0,0,0.0,0,0.0,1,0,0.0,0.0
385,org,0,0.0,0,0.0,2,5.0,0,0.0,0,0.0,0,0.0,2,0,0.0,0.0
386,osisoft pi vision,0,0.0,0,0.0,1,1.0,0,0.0,0,0.0,0,0.0,1,0,0.0,0.0
387,other,0,0.0,0,0.0,0,0.0,0,0.0,0,0.0,1,6.18501171,1,-1,-0.0010204081632653062,-0.00021687269572760788
388,Other BI,0,0.0,0,0.0,1,2.0,1,3.0,0,0.0,52,5.807692308,54,-52,-0.053061224489795916,-0.01127738017783561
389,other free online resources,0,0.0,0,0.0,1,2.0,0,0.0,0,0.0,0,0.0,1,0,0.0,0.0
390,Other GIS,0,0.0,0,0.0,0,0.0,0,0.0,0,0.0,30,7.166666667,30,-30,-0.030612244897959183,-0.006506180871828237
391,Other JS Libraries,0,0.0,1,8.0,0,0.0,0,0.0,1,5.0,241,6.651452282,243,-241,-0.24591836734693878,-0.0522663196703535
392,other mvc,0,0.0,0,0.0,0,0.0,0,0.0,0,0.0,25,8.28,25,-25,-0.025510204081632654,-0.005421817393190197
393,other network visualization suite,0,0.0,0,0.0,0,0.0,0,0.0,0,0.0,19,6.315789474,19,-19,-0.019387755102040816,-0.00412058121882455
394,Other physical materials,0,0.0,0,0.0,0,0.0,58,7.810344828,0,0.0,0,0.0,58,0,0.0,0.0
395,other tools such as unity,0,0.0,0,0.0,1,4.0,0,0.0,0,0.0,0,0.0,1,0,0.0,0.0
396,outsystems,0,0.0,0,0.0,1,1.0,0,0.0,0,0.0,0,0.0,1,0,0.0,0.0
397,p5/Processing,44,11.47727273,55,8.763636364,61,8.229508197,91,8.892307692,31,8.677419355,86,7.435294118,368,-42,-0.0596938775510204,-0.012548416603725458
398,palladio,0,0.0,1,2.0,0,0.0,0,0.0,0,0.0,0,0.0,1,0,0.0,0.0
399,paralel plotting,0,0.0,1,4.0,0,0.0,0,0.0,0,0.0,0,0.0,1,0,0.0,0.0
400,paraview,1,3.0,0,0.0,2,2.5,0,0.0,0,0.0,1,13.0,4,0,-0.00038265306122448994,-7.817644052649831e-05
401,Pen & paper,333,7.564564565,522,6.300766284,400,5.8075,413,6.261501211,1,13.0,1,4.0,1670,332,0.21135204081632653,0.04596898028624188
402,pentaho,1,1.0,0,0.0,0,0.0,1,15.0,0,0.0,1,5.0,3,0,-0.00038265306122448994,-7.817644052649831e-05
403,periscope,0,0.0,1,1.0,0,0.0,0,0.0,0,0.0,0,0.0,1,0,0.0,0.0
404,periscope data,1,1.0,0,0.0,0,0.0,1,1.0,0,0.0,0,0.0,2,1,0.0006377551020408163,0.00013869625520110957
405,perl,0,0.0,0,0.0,0,0.0,0,0.0,0,0.0,1,3.0,1,-1,-0.0010204081632653062,-0.00021687269572760788
406,pgplot,0,0.0,0,0.0,0,0.0,0,0.0,0,0.0,1,7.0,1,-1,-0.0010204081632653062,-0.00021687269572760788
407,phaser,0,0.0,0,0.0,1,2.0,0,0.0,0,0.0,0,0.0,1,0,0.0,0.0
408,photo-paint,0,0.0,0,0.0,0,0.0,0,0.0,0,0.0,1,10.0,1,-1,-0.0010204081632653062,-0.00021687269572760788
409,photoshop,2,1.5,5,2.0,3,1.666666667,0,0.0,3,7.333333333,1,2.0,14,1,0.00025510204081632634,6.0519814674611254e-05
410,phovea,0,0.0,0,0.0,0,0.0,0,0.0,0,0.0,1,3.0,1,-1,-0.0010204081632653062,-0.00021687269572760788
411,php,0,0.0,0,0.0,1,2.0,1,9.0,0,0.0,2,6.333333333,4,-2,-0.0020408163265306124,-0.00043374539145521576
412,Physical materials (other than pen & paper),41,9.219512195,69,7.536231884,77,6.974025974,0,0.0,0,0.0,0,0.0,187,41,0.02614795918367347,0.005686546463245492
413,picktochart,0,0.0,1,1.0,0,0.0,0,0.0,0,0.0,0,0.0,1,0,0.0,0.0
414,piktochart,4,1.0,0,0.0,0,0.0,3,5.0,0,0.0,1,3.0,8,3,0.0015306122448979589,0.00033791232507683036
415,pixi.js,0,0.0,0,0.0,0,0.0,1,12.0,1,9.0,0,0.0,2,0,0.0,0.0
416,plain svg,0,0.0,0,0.0,0,0.0,0,0.0,0,0.0,1,7.0,1,-1,-0.0010204081632653062,-0.00021687269572760788
417,plot,1,3.0,1,2.0,0,0.0,0,0.0,0,0.0,0,0.0,2,1,0.0006377551020408163,0.00013869625520110957
418,Plotly,182,7.642857143,223,7.242152466,209,7.167464115,222,7.256756757,98,7.469387755,117,6.854700855,1051,65,-0.003316326530612243,-0.0001313869535281842
419,plotnine,0,0.0,0,0.0,0,0.0,1,9.0,0,0.0,0,0.0,1,0,0.0,0.0
420,polinode,0,0.0,0,0.0,1,1.0,0,0.0,0,0.0,0,0.0,1,0,0.0,0.0
421,postgis,0,0.0,0,0.0,0,0.0,0,0.0,0,0.0,1,6.0,1,-1,-0.0010204081632653062,-0.00021687269572760788
422,postgres,0,0.0,0,0.0,0,0.0,0,0.0,0,0.0,1,6.0,1,-1,-0.0010204081632653062,-0.00021687269572760788
423,power apps,0,0.0,1,2.0,0,0.0,0,0.0,0,0.0,0,0.0,1,0,0.0,0.0
424,Power BI,388,5.793814433,461,5.221258134,331,5.3081571,239,5.635983264,86,5.627906977,83,5.469879518,1588,305,0.16275510204081634,0.03581371327263906
425,power pivot,0,0.0,0,0.0,0,0.0,0,0.0,0,0.0,1,2.0,1,-1,-0.0010204081632653062,-0.00021687269572760788
426,Powerpoint,551,6.045372051,681,5.368575624,19,1.297076023,18,4.5,3,3.333333333,3,5.333333333,1275,548,0.3483418367346939,0.07577101852862855
427,pre-made template based on,0,0.0,0,0.0,1,1.0,0,0.0,0,0.0,0,0.0,1,0,0.0,0.0
428,prezi for infographics,0,0.0,1,1.0,0,0.0,0,0.0,0,0.0,0,0.0,1,0,0.0,0.0
429,procreate,3,2.0,0,0.0,1,1.0,0,0.0,0,0.0,0,0.0,4,3,0.001913265306122449,0.00041608876560332873
430,programming,0,0.0,1,1.0,0,0.0,0,0.0,0,0.0,0,0.0,1,0,0.0,0.0
431,prompto,0,0.0,0,0.0,0,0.0,0,0.0,1,4.0,0,0.0,1,0,0.0,0.0
432,prototyping work,0,0.0,0,0.0,1,4.0,0,0.0,0,0.0,0,0.0,1,0,0.0,0.0
433,pyramid analytics,1,2.0,0,0.0,0,0.0,0,0.0,0,0.0,0,0.0,1,1,0.0006377551020408163,0.00013869625520110957
434,Python/Pandas,315,7.533333333,530,6.209433962,427,6.295081967,469,6.371002132,226,6.685840708,342,6.938596491,2309,-27,-0.14808673469387756,-0.030481141550492384
435,pyviz,0,0.0,0,0.0,0,0.0,1,7.0,0,0.0,0,0.0,1,0,0.0,0.0
436,QGIS,128,9.4765625,193,7.875647668,163,7.319018405,178,7.870786517,111,7.576576577,87,7.666666667,860,41,-0.007142857142857145,-0.0011148038625598614
437,Qlik,47,6.276595745,61,5.573770492,57,5.631578947,36,6.833333333,26,4.807692308,42,6.595238095,269,5,-0.012882653061224492,-0.0025899292261073823
438,qt charts,0,0.0,0,0.0,0,0.0,0,0.0,0,0.0,1,7.0,1,-1,-0.0010204081632653062,-0.00021687269572760788
439,quadrigramm,0,0.0,0,0.0,0,0.0,0,0.0,0,0.0,1,5.0,1,-1,-0.0010204081632653062,-0.00021687269572760788
440,qualtrics,3,1.0,1,2.0,0,0.0,1,2.0,0,0.0,0,0.0,5,3,0.001913265306122449,0.00041608876560332873
441,quantum metric,0,0.0,2,2.0,0,0.0,0,0.0,0,0.0,0,0.0,2,0,0.0,0.0
442,quicksight,0,0.0,1,1.333333333,5,1.166666667,1,4.0,1,5.0,0,0.0,8,0,0.0,0.0
443,R,373,7.158176944,565,6.228761062,432,6.3125,508,5.531992687,228,5.609504132,252,5.266917293,2358,121,-0.01926020408163262,-0.002918216133343317
444,raw,0,0.0,2,1.658536585,4,1.764705882,2,6.2,2,6.142857143,5,4.777777778,15,-5,-0.00510204081632653,-0.0010843634786380394
445,raw data,0,0.0,1,1.0,0,0.0,0,0.0,0,0.0,0,0.0,1,0,0.0,0.0
446,raw design,0,0.0,0,0.0,1,1.0,0,0.0,0,0.0,0,0.0,1,0,0.0,0.0
447,rawcharts,0,0.0,0,0.0,0,0.0,0,0.0,0,0.0,1,3.0,1,-1,-0.0010204081632653062,-0.00021687269572760788
448,rawdensity,0,0.0,1,1.0,0,0.0,0,0.0,0,0.0,0,0.0,1,0,0.0,0.0
449,rawdesign,0,0.0,1,1.0,0,0.0,0,0.0,0,0.0,0,0.0,1,0,0.0,0.0
450,RAWGraphs,154,8.857142857,31,1.437044745,11,1.916666667,5,7.4,5,7.0,0,0.0,206,154,0.09821428571428571,0.021359223300970873
451,rawpixel,0,0.0,1,11.0,0,0.0,0,0.0,0,0.0,0,0.0,1,0,0.0,0.0
452,rdbms,0,0.0,0,0.0,0,0.0,0,0.0,0,0.0,1,10.0,1,-1,-0.0010204081632653062,-0.00021687269572760788
453,React,80,9.1625,146,6.95890411,132,7.287878788,139,7.392857143,109,6.633027523,127,6.472440945,733,-47,-0.07857142857142857,-0.016447131941317437
454,react libraries,0,0.0,0,0.0,0,0.0,0,0.0,1,5.0,0,0.0,1,0,0.0,0.0
455,react-vis,0,0.0,0,0.0,0,0.0,2,4.0,0,0.0,0,0.0,2,0,0.0,0.0
456,recharts,0,0.0,0,0.0,2,1.0,1,5.0,1,10.0,6,6.833333333,10,-6,-0.006122448979591836,-0.0013012361743656475
457,recharts library (),1,1.0,0,0.0,0,0.0,0,0.0,0,0.0,0,0.0,1,1,0.0006377551020408163,0.00013869625520110957
458,regl,0,0.0,0,0.0,1,1.0,0,0.0,1,5.0,0,0.0,2,0,0.0,0.0
459,regraph,0,0.0,1,3.0,0,0.0,0,0.0,0,0.0,0,0.0,1,0,0.0,0.0
460,report builder 3,1,2.0,0,0.0,0,0.0,0,0.0,0,0.0,0,0.0,1,1,0.0006377551020408163,0.00013869625520110957
461,resonant lab,0,0.0,0,0.0,0,0.0,0,0.0,1,5.0,0,0.0,1,0,0.0,0.0
462,rhino/grasshopper,0,0.0,0,0.0,0,0.0,1,7.0,0,0.0,0,0.0,1,0,0.0,0.0
463,rivets.js,0,0.0,0,0.0,0,0.0,1,6.0,0,0.0,0,0.0,1,0,0.0,0.0
464,rmarkdown,0,0.0,1,1.0,0,0.0,0,0.0,0,0.0,0,0.0,1,0,0.0,0.0
465,root,1,2.0,0,0.0,0,0.0,0,0.0,0,0.0,0,0.0,1,1,0.0006377551020408163,0.00013869625520110957
466,saas,1,3.0,0,0.0,0,0.0,0,0.0,0,0.0,0,0.0,1,1,0.0006377551020408163,0.00013869625520110957
467,sac,1,1.0,0,0.0,0,0.0,0,0.0,0,0.0,0,0.0,1,1,0.0006377551020408163,0.00013869625520110957
468,salesforce,1,1.0,1,2.0,1,1.0,1,3.0,0,0.0,1,4.0,5,0,-0.00038265306122448994,-7.817644052649831e-05
469,salesforce dashboards,0,0.0,1,1.0,0,0.0,0,0.0,0,0.0,0,0.0,1,0,0.0,0.0
470,sanketmatic,1,1.0,0,0.0,0,0.0,0,0.0,0,0.0,0,0.0,1,1,0.0006377551020408163,0.00013869625520110957
471,sap,0,0.0,1,1.2,0,0.0,1,2.714285714,0,0.0,0,0.0,2,0,0.0,0.0
472,sap _analytics cloud,1,1.0,0,0.0,0,0.0,0,0.0,0,0.0,0,0.0,1,1,0.0006377551020408163,0.00013869625520110957
473,sap analytics cloud,1,1.0,3,1.0,1,1.0,0,0.0,0,0.0,0,0.0,5,1,0.0006377551020408163,0.00013869625520110957
474,sap bo,0,0.0,0,0.0,0,0.0,2,1.0,0,0.0,0,0.0,2,0,0.0,0.0
475,sap business objects,0,0.0,0,0.0,1,1.0,2,2.0,1,6.0,0,0.0,4,0,0.0,0.0
476,sap business objects/design studio,0,0.0,0,0.0,0,0.0,0,0.0,0,0.0,1,10.0,1,-1,-0.0010204081632653062,-0.00021687269572760788
477,sap lumira,0,0.0,0,0.0,0,0.0,1,7.0,0,0.0,0,0.0,1,0,0.0,0.0
478,sap webi,1,1.0,1,2.0,0,0.0,1,4.0,0,0.0,0,0.0,3,1,0.0006377551020408163,0.00013869625520110957
479,sap-webi,1,1.0,0,0.0,0,0.0,0,0.0,0,0.0,0,0.0,1,1,0.0006377551020408163,0.00013869625520110957
480,SAS,9,1.4,10,1.230769231,4,1.2,9,4.8,3,7.0,7,4.888888889,42,2,-0.0014030612244897954,-0.0002698425732832691
481,sassual analytics,1,1.0,3,2.0,1,1.0,1,5.0,0,0.0,2,3.5,8,-1,-0.0014030612244897963,-0.0002950491362541062
482,scala,0,0.0,0,0.0,0,0.0,0,0.0,1,4.0,0,0.0,1,0,0.0,0.0
483,scisense,0,0.0,0,0.0,1,1.0,0,0.0,0,0.0,0,0.0,1,0,0.0,0.0
484,script,0,0.0,1,5.0,0,0.0,0,0.0,0,0.0,0,0.0,1,0,0.0,0.0
485,script (mostly) for the final product,0,0.0,1,10.0,0,0.0,0,0.0,0,0.0,0,0.0,1,0,0.0,0.0
486,scrollama,0,0.0,0,0.0,0,0.0,0,0.0,1,16.0,0,0.0,1,0,0.0,0.0
487,seaborn,4,3.5,2,4.0,3,1.666666667,7,4.979591837,3,7.333333333,2,7.5,21,2,0.0005102040816326527,0.00012103962934922251
488,Semiotic,0,0.0,1,1.0,11,8.0,16,8.875,13,6.692307692,0,0.0,41,0,0.0,0.0
489,sense,1,2.0,0,0.0,0,0.0,0,0.0,0,0.0,0,0.0,1,1,0.0006377551020408163,0.00013869625520110957
490,service now,1,1.0,0,0.0,0,0.0,0,0.0,0,0.0,0,0.0,1,1,0.0006377551020408163,0.00013869625520110957
491,sharepoint,0,0.0,0,0.0,0,0.0,0,0.0,1,6.0,0,0.0,1,0,0.0,0.0
492,shiny,2,1.0,0,0.0,0,0.0,1,5.0,1,4.0,3,5.0,7,-1,-0.0017857142857142857,-0.0003732255767806046
493,showmydata,0,0.0,0,0.0,1,5.0,0,0.0,0,0.0,0,0.0,1,0,0.0,0.0
494,showmydata.org,0,0.0,0,0.0,0,0.0,1,6.0,0,0.0,0,0.0,1,0,0.0,0.0
495,sigma,1,1.0,0,0.0,1,2.0,0,0.0,0,0.0,0,0.0,2,1,0.0006377551020408163,0.00013869625520110957
496,sigma bi,0,0.0,1,1.0,0,0.0,0,0.0,0,0.0,0,0.0,1,0,0.0,0.0
497,sigmaplot,0,0.0,1,1.0,0,0.0,0,0.0,0,0.0,0,0.0,1,0,0.0,0.0
498,siscense,0,0.0,1,1.0,0,0.0,0,0.0,0,0.0,0,0.0,1,0,0.0,0.0
499,sisense,1,1.0,2,1.0,2,1.0,1,5.0,0,0.0,0,0.0,6,1,0.0006377551020408163,0.00013869625520110957
500,sisense cloud data for teams,0,0.0,0,0.0,1,1.0,0,0.0,0,0.0,0,0.0,1,0,0.0,0.0
501,sisense for cloud data teams,0,0.0,1,1.0,0,0.0,0,0.0,0,0.0,0,0.0,1,0,0.0,0.0
502,Sketch,3,1.333333333,10,3.5,9,1.777777778,7,5.428571429,1,8.0,5,6.6,35,-2,-0.0031887755102040813,-0.0006682747130347107
503,sketchup pro,0,0.0,1,4.0,0,0.0,0,0.0,0,0.0,0,0.0,1,0,0.0,0.0
504,skyspark,0,0.0,0,0.0,0,0.0,0,0.0,0,0.0,1,5.0,1,-1,-0.0010204081632653062,-0.00021687269572760788
505,slicerdicer,1,1.0,0,0.0,0,0.0,0,0.0,0,0.0,0,0.0,1,1,0.0006377551020408163,0.00013869625520110957
506,smalltalk,0,0.0,0,0.0,0,0.0,1,9.0,0,0.0,0,0.0,1,0,0.0,0.0
507,smartdraw,0,0.0,1,2.0,0,0.0,0,0.0,0,0.0,0,0.0,1,0,0.0,0.0
508,snowflake,1,2.0,0,0.0,0,0.0,0,0.0,0,0.0,0,0.0,1,1,0.0006377551020408163,0.00013869625520110957
509,specific technical software i use such as petrel,0,0.0,1,2.0,0,0.0,0,0.0,0,0.0,0,0.0,1,0,0.0,0.0
510,spotfire,3,1.0,3,1.0,1,1.0,4,6.25,3,3.25,5,6.285714286,19,-2,-0.0031887755102040813,-0.0006682747130347107
511,spss,0,0.0,3,1.5,2,1.0,5,4.6,1,2.0,4,5.0,15,-4,-0.004081632653061225,-0.0008674907829104315
512,sql,0,0.0,0,0.0,1,1.0,0,0.0,0,0.0,1,5.333333333,2,-1,-0.0010204081632653062,-0.00021687269572760788
513,sql developer,0,0.0,0,0.0,0,0.0,1,2.0,0,0.0,0,0.0,1,0,0.0,0.0
514,sql reporting services,0,0.0,1,1.0,0,0.0,0,0.0,0,0.0,0,0.0,1,0,0.0,0.0
515,sql server,0,0.0,0,0.0,0,0.0,0,0.0,0,0.0,1,8.0,1,-1,-0.0010204081632653062,-0.00021687269572760788
516,sql server reporting services,2,1.5,1,1.0,1,1.0,0,0.0,0,0.0,0,0.0,4,2,0.0012755102040816326,0.00027739251040221914
517,ssps,0,0.0,0,0.0,1,1.0,0,0.0,0,0.0,0,0.0,1,0,0.0,0.0
518,ssrs,0,0.0,1,1.0,2,1.0,0,0.0,1,2.0,2,1.5,6,-2,-0.0020408163265306124,-0.00043374539145521576
519,stata,2,1.5,2,1.0,4,1.25,4,4.5,1,3.0,1,18.0,14,1,0.00025510204081632634,6.0519814674611254e-05
520,statistica,1,2.0,0,0.0,0,0.0,0,0.0,0,0.0,0,0.0,1,1,0.0006377551020408163,0.00013869625520110957
521,stimulsoft dashboards,0,0.0,0,0.0,1,2.0,0,0.0,0,0.0,0,0.0,1,0,0.0,0.0
522,streamlit,1,1.0,1,1.0,0,0.0,0,0.0,0,0.0,0,0.0,2,1,0.0006377551020408163,0.00013869625520110957
523,superblocks,1,1.0,0,0.0,0,0.0,0,0.0,0,0.0,0,0.0,1,1,0.0006377551020408163,0.00013869625520110957
524,superhi,0,0.0,1,11.0,0,0.0,0,0.0,0,0.0,0,0.0,1,0,0.0,0.0
525,superset,0,0.0,1,3.0,1,1.0,0,0.0,1,6.0,0,0.0,3,0,0.0,0.0
526,surfer,0,0.0,0,0.0,0,0.0,0,0.0,0,0.0,1,3.0,1,-1,-0.0010204081632653062,-0.00021687269572760788
527,Svelte,52,9.673076923,22,1.454545455,8,1.375,1,5.0,3,8.0,0,0.0,86,52,0.03316326530612245,0.007212205270457697
528,svg,2,3.0,2,1.333333333,1,2.0,3,8.6,0,0.0,1,8.5,9,1,0.00025510204081632634,6.0519814674611254e-05
529,svg animation,0,0.0,1,1.0,0,0.0,0,0.0,0,0.0,0,0.0,1,0,0.0,0.0
530,svg.js,0,0.0,0,0.0,0,0.0,1,7.0,1,13.0,0,0.0,2,0,0.0,0.0
531,svgwrite,0,0.0,0,0.0,0,0.0,0,0.0,1,4.0,0,0.0,1,0,0.0,0.0
532,synerscope marcato,0,0.0,0,0.0,0,0.0,0,0.0,0,0.0,1,3.0,1,-1,-0.0010204081632653062,-0.00021687269572760788
533,Tableau,591,5.807106599,855,4.98245614,637,5.073783359,610,5.124590164,267,4.868913858,356,5.196629213,3316,235,0.013647959183673453,0.0047628071448273385
534,tables from spss output,0,0.0,1,1.0,0,0.0,0,0.0,0,0.0,0,0.0,1,0,0.0,0.0
535,tablet: e,1,4.0,0,0.0,0,0.0,0,0.0,0,0.0,0,0.0,1,1,0.0006377551020408163,0.00013869625520110957
536,tabx,0,0.0,0,0.0,1,1.0,1,5.0,0,0.0,0,0.0,2,0,0.0,0.0
537,tbd for upcoming,0,0.0,1,1.0,0,0.0,0,0.0,0,0.0,0,0.0,1,0,0.0,0.0
538,tethr,0,0.0,1,3.0,0,0.0,0,0.0,0,0.0,0,0.0,1,0,0.0,0.0
539,thinkcell,1,1.0,0,0.0,1,1.0,0,0.0,0,0.0,0,0.0,2,1,0.0006377551020408163,0.00013869625520110957
540,think-cell,1,1.0,1,2.0,0,0.0,1,3.0,0,0.0,0,0.0,3,1,0.0006377551020408163,0.00013869625520110957
541,this seems equivalent),0,0.0,0,0.0,1,3.0,0,0.0,0,0.0,0,0.0,1,0,0.0,0.0
542,thoughspot,0,0.0,0,0.0,1,3.0,0,0.0,0,0.0,0,0.0,1,0,0.0,0.0
543,thoughtspot,0,0.0,1,3.0,1,1.0,1,2.0,0,0.0,0,0.0,3,0,0.0,0.0
544,three,0,0.0,0,0.0,1,3.0,0,0.0,0,0.0,0,0.0,1,0,0.0,0.0
545,three.js,0,0.0,0,0.0,0,0.0,2,12.0,1,9.0,1,5.0,4,-1,-0.0010204081632653062,-0.00021687269572760788
546,threejs,1,4.0,0,0.0,0,0.0,0,0.0,0,0.0,0,0.0,1,1,0.0006377551020408163,0.00013869625520110957
547,ti,0,0.0,1,2.178571429,0,0.0,0,0.0,0,0.0,0,0.0,1,0,0.0,0.0
548,tibco spotfire,0,0.0,1,1.0,1,1.0,4,6.0,1,1.0,2,5.5,9,-2,-0.0020408163265306124,-0.00043374539145521576
549,tikz,0,0.0,0,0.0,0,0.0,1,7.0,1,5.0,0,0.0,2,0,0.0,0.0
550,tom sawyer software,0,0.0,0,0.0,0,0.0,0,0.0,1,5.0,0,0.0,1,0,0.0,0.0
551,topojson,0,0.0,0,0.0,0,0.0,0,0.0,0,0.0,1,9.0,1,-1,-0.0010204081632653062,-0.00021687269572760788
552,toucan toco,0,0.0,0,0.0,1,1.0,0,0.0,0,0.0,0,0.0,1,0,0.0,0.0
553,trifacta,0,0.0,0,0.0,1,1.0,0,0.0,0,0.0,0,0.0,1,0,0.0,0.0
554,truoi,1,1.0,0,0.0,0,0.0,0,0.0,0,0.0,0,0.0,1,1,0.0006377551020408163,0.00013869625520110957
555,turf.js,0,0.0,0,0.0,0,0.0,2,9.0,0,0.0,0,0.0,2,0,0.0,0.0
556,tuvalabs,1,2.0,0,0.0,0,0.0,0,0.0,0,0.0,0,0.0,1,1,0.0006377551020408163,0.00013869625520110957
557,typescript,0,0.0,0,0.0,0,0.0,0,0.0,1,3.0,0,0.0,1,0,0.0,0.0
558,typescript w,0,0.0,1,3.0,0,0.0,0,0.0,0,0.0,0,0.0,1,0,0.0,0.0
559,ucinet,0,0.0,1,2.0,0,0.0,0,0.0,0,0.0,0,0.0,1,0,0.0,0.0
560,ucinet/netdraw,0,0.0,0,0.0,0,0.0,1,5.0,0,0.0,0,0.0,1,0,0.0,0.0
561,ui,0,0.0,1,4.142857143,0,0.0,0,0.0,0,0.0,0,0.0,1,0,0.0,0.0
562,ui18,0,0.0,1,11.0,0,0.0,0,0.0,0,0.0,0,0.0,1,0,0.0,0.0
563,uki,0,0.0,0,0.0,1,2.0,0,0.0,0,0.0,0,0.0,1,0,0.0,0.0
564,unfortunately,0,0.0,0,0.0,1,2.0,0,0.0,0,0.0,0,0.0,1,0,0.0,0.0
565,unity,3,1.333333333,0,0.0,2,3.25,1,9.666666667,2,10.0,0,0.0,8,3,0.001913265306122449,0.00041608876560332873
566,unity c#,0,0.0,0,0.0,1,1.0,0,0.0,0,0.0,0,0.0,1,0,0.0,0.0
567,unity3d,0,0.0,1,1.0,0,0.0,2,12.0,0,0.0,0,0.0,3,0,0.0,0.0
568,unreal,0,0.0,0,0.0,0,0.0,0,0.0,1,14.0,0,0.0,1,0,0.0,0.0
569,unreal engine,0,0.0,1,2.0,0,0.0,1,3.0,0,0.0,0,0.0,2,0,0.0,0.0
570,unsplash,0,0.0,1,11.0,0,0.0,0,0.0,0,0.0,0,0.0,1,0,0.0,0.0
571,use raw charts,0,0.0,1,2.0,0,0.0,0,0.0,0,0.0,0,0.0,1,0,0.0,0.0
572,ux,0,0.0,1,10.0,0,0.0,0,0.0,0,0.0,0,0.0,1,0,0.0,0.0
573,uxpin,0,0.0,0,0.0,0,0.0,1,9.0,0,0.0,0,0.0,1,0,0.0,0.0
574,various packages (not just ggplot or plotly),0,0.0,1,2.0,0,0.0,0,0.0,0,0.0,0,0.0,1,0,0.0,0.0
575,vector tools,0,0.0,0,0.0,0,0.0,1,5.0,0,0.0,0,0.0,1,0,0.0,0.0
576,Vega,37,9.459459459,49,7.734693878,67,7.835820896,57,8.0,36,8.027027027,33,7.818181818,279,4,-0.0100765306122449,-0.0020250375165700068
577,vega-lite,0,0.0,1,1.0,0,0.0,0,0.0,1,10.0,2,5.0,4,-2,-0.0020408163265306124,-0.00043374539145521576
578,venngage,0,0.0,2,2.5,0,0.0,1,5.0,0,0.0,1,5.0,4,-1,-0.0010204081632653062,-0.00021687269572760788
579,victory,0,0.0,0,0.0,0,0.0,0,0.0,2,8.0,0,0.0,2,0,0.0,0.0
580,virtual realityblike three,0,0.0,0,0.0,1,4.0,0,0.0,0,0.0,0,0.0,1,0,0.0,0.0
581,vis js,0,0.0,0,0.0,0,0.0,0,0.0,1,4.0,0,0.0,1,0,0.0,0.0
582,visa chart components (vcc),0,0.0,1,1.0,0,0.0,0,0.0,0,0.0,0,0.0,1,0,0.0,0.0
583,visdown.amitkaps.com,0,0.0,0,0.0,0,0.0,0,0.0,0,0.0,1,10.0,1,-1,-0.0010204081632653062,-0.00021687269572760788
584,visier,1,1.0,0,0.0,0,0.0,0,0.0,0,0.0,0,0.0,1,1,0.0006377551020408163,0.00013869625520110957
585,visio,0,0.0,1,6.0,1,1.666666667,1,6.0,0,0.0,0,0.0,3,0,0.0,0.0
586,visit,0,0.0,0,0.0,2,3.0,0,0.0,0,0.0,1,13.0,3,-1,-0.0010204081632653062,-0.00021687269572760788
587,visme,1,1.0,1,4.0,1,2.0,0,0.0,0,0.0,0,0.0,3,1,0.0006377551020408163,0.00013869625520110957
588,visone,0,0.0,1,3.0,0,0.0,0,0.0,0,0.0,0,0.0,1,0,0.0,0.0
589,visual force,0,0.0,0,0.0,0,0.0,0,0.0,0,0.0,1,9.0,1,-1,-0.0010204081632653062,-0.00021687269572760788
590,visx,1,1.0,2,1.0,0,0.0,0,0.0,0,0.0,0,0.0,3,1,0.0006377551020408163,0.00013869625520110957
591,vivagraphjs,0,0.0,1,2.0,0,0.0,0,0.0,0,0.0,0,0.0,1,0,0.0,0.0
592,vive,0,0.0,0,0.0,0,0.0,0,0.0,0,0.0,1,13.0,1,-1,-0.0010204081632653062,-0.00021687269572760788
593,viya,1,3.0,0,0.0,0,0.0,0,0.0,0,0.0,0,0.0,1,1,0.0006377551020408163,0.00013869625520110957
594,vizlib,0,0.0,0,0.0,1,1.0,0,0.0,0,0.0,0,0.0,1,0,0.0,0.0
595,vizualizer (wordpress plugin),0,0.0,1,2.0,0,0.0,0,0.0,0,0.0,0,0.0,1,0,0.0,0.0
596,vizzlo,0,0.0,1,4.0,0,0.0,0,0.0,0,0.0,0,0.0,1,0,0.0,0.0
597,vmd,0,0.0,0,0.0,0,0.0,1,5.0,0,0.0,0,0.0,1,0,0.0,0.0
598,vosviewer,0,0.0,1,2.0,0,0.0,0,0.0,0,0.0,1,3.0,2,-1,-0.0010204081632653062,-0.00021687269572760788
599,voxpopme,0,0.0,1,2.0,0,0.0,0,0.0,0,0.0,0,0.0,1,0,0.0,0.0
600,voyant,0,0.0,0,0.0,0,0.0,1,12.0,0,0.0,0,0.0,1,0,0.0,0.0
601,vr,0,0.0,0,0.0,1,2.0,0,0.0,0,0.0,0,0.0,1,0,0.0,0.0
602,vtk,0,0.0,2,3.0,2,4.5,1,4.0,0,0.0,1,7.0,6,-1,-0.0010204081632653062,-0.00021687269572760788
603,Vue,29,9.275862069,51,8.137254902,47,7.574468085,49,8.224489796,37,7.216216216,0,0.0,213,29,0.018494897959183673,0.004022191400832178
604,vulcan,0,0.0,0,0.0,1,7.0,0,0.0,0,0.0,0,0.0,1,0,0.0,0.0
605,vx,0,0.0,0,0.0,1,1.0,1,6.0,3,7.333333333,0,0.0,5,0,0.0,0.0
606,watson analytics,0,0.0,0,0.0,1,3.0,0,0.0,0,0.0,0,0.0,1,0,0.0,0.0
607,we are toolbuilders,0,0.0,0,0.0,1,3.0,0,0.0,0,0.0,0,0.0,1,0,0.0,0.0
608,web brain,0,0.0,0,0.0,0,0.0,1,14.0,0,0.0,0,0.0,1,0,0.0,0.0
609,Web Components,35,8.685714286,80,7.772151899,73,7.958333333,63,8.444444444,40,7.625,0,0.0,291,35,0.022321428571428572,0.0048543689320388345
610,webfocus,0,0.0,1,1.0,0,0.0,0,0.0,0,0.0,0,0.0,1,0,0.0,0.0
611,WebGL,49,9.632653061,65,8.584615385,81,8.703703704,103,8.932038835,74,8.081081081,107,7.53271028,479,-58,-0.07793367346938776,-0.016409261937999676
612,webi,0,0.0,0,0.0,1,3.0,1,5.5,0,0.0,0,0.0,2,0,0.0,0.0
613,weights,0,0.0,1,2.0,0,0.0,0,0.0,0,0.0,0,0.0,1,0,0.0,0.0
614,whiteboard,1,2.0,0,0.0,0,0.0,1,8.0,0,0.0,0,0.0,2,1,0.0006377551020408163,0.00013869625520110957
615,whiteboard- physical or zoom,0,0.0,1,5.0,0,0.0,0,0.0,0,0.0,0,0.0,1,0,0.0,0.0
616,whiteboards,0,0.0,0,0.0,0,0.0,0,0.0,1,13.0,0,0.0,1,0,0.0,0.0
617,word,2,1.666666667,4,1.166666667,1,2.0,1,4.0,1,2.0,0,0.0,9,2,0.0012755102040816326,0.00027739251040221914
618,workday,0,0.0,1,1.0,0,0.0,0,0.0,0,0.0,0,0.0,1,0,0.0,0.0
619,xd,2,1.5,2,2.0,0,0.0,1,6.2,0,0.0,0,0.0,5,2,0.0012755102040816326,0.00027739251040221914
620,xlcubed,0,0.0,0,0.0,1,2.0,0,0.0,0,0.0,0,0.0,1,0,0.0,0.0
621,xlstat,1,2.0,0,0.0,0,0.0,0,0.0,0,0.0,0,0.0,1,1,0.0006377551020408163,0.00013869625520110957
622,yellowbrick,0,0.0,0,0.0,0,0.0,1,6.0,0,0.0,0,0.0,1,0,0.0,0.0
623,yellowfin,0,0.0,0,0.0,1,1.0,0,0.0,0,0.0,0,0.0,1,0,0.0,0.0
624,zebra bi,0,0.0,1,2.0,1,2.0,0,0.0,0,0.0,0,0.0,2,0,0.0,0.0
625,zepellin,0,0.0,0,0.0,0,0.0,0,0.0,0,0.0,1,5.0,1,-1,-0.0010204081632653062,-0.00021687269572760788
626,zeplin,0,0.0,1,5.0,0,0.0,0,0.0,0,0.0,0,0.0,1,0,0.0,0.0
627,zeppelin (nvd3),0,0.0,0,0.0,0,0.0,0,0.0,0,0.0,1,3.0,1,-1,-0.0010204081632653062,-0.00021687269572760788
628,zing charts,1,1.0,0,0.0,0,0.0,0,0.0,0,0.0,0,0.0,1,1,0.0006377551020408163,0.00013869625520110957
629,zingchart,0,0.0,1,1.0,0,0.0,0,0.0,0,0.0,0,0.0,1,0,0.0,0.0
630,zingchart & zinggrid,0,0.0,0,0.0,0,0.0,1,1.0,0,0.0,0,0.0,1,0,0.0,0.0
631,zoho analytics,1,1.0,1,1.0,0,0.0,0,0.0,0,0.0,0,0.0,2,1,0.0006377551020408163,0.00013869625520110957
